employee_residence,company_location,salary_in_usd
ESP,ESP,85847
USA,USA,30000
USA,USA,25500
CAN,CAN,175000
CAN,CAN,120000
USA,USA,222200
USA,USA,136000
CAN,CAN,219000
CAN,CAN,141000
USA,USA,147100
USA,USA,90700
USA,USA,130000
USA,USA,100000
USA,USA,213660
USA,USA,130760
USA,USA,147100
USA,USA,90700
USA,USA,170000
USA,USA,150000
USA,USA,150000
USA,USA,110000
DEU,DEU,275000
DEU,DEU,174000
GBR,GBR,230000
GBR,GBR,143200
USA,USA,225000
USA,USA,156400
USA,USA,200000
USA,USA,130000
CAN,CAN,90000
CAN,CAN,72000
USA,USA,253200
USA,USA,90700
USA,USA,342810
USA,USA,184590
USA,USA,162500
USA,USA,130000
USA,USA,105380
USA,USA,64500
NGA,NGA,100000
NGA,NGA,30000
IND,IND,20984
USA,USA,204620
USA,USA,110680
USA,USA,270703
USA,USA,221484
USA,USA,212750
USA,USA,185000
USA,USA,262000
USA,USA,245000
USA,USA,275300
USA,USA,183500
USA,USA,218500
USA,USA,199098
USA,USA,203300
USA,USA,123600
USA,USA,189110
USA,USA,139000
USA,USA,258750
USA,USA,185000
USA,USA,231500
USA,USA,166000
USA,USA,172500
USA,USA,110500
USA,USA,238000
USA,USA,176000
USA,USA,237000
USA,USA,201450
USA,USA,309400
USA,USA,159100
USA,USA,115000
USA,USA,81500
USA,USA,237000
USA,USA,201450
USA,USA,280000
USA,USA,210000
USA,USA,280100
USA,USA,168100
USA,USA,193500
USA,USA,139000
HKG,HKG,65062
PRT,PRT,150000
IND,IND,69751
IND,IND,300000
NLD,NLD,96578
USA,USA,185900
USA,USA,129300
USA,USA,225000
USA,USA,175000
USA,USA,185000
USA,USA,140000
ESP,ESP,48289
ESP,ESP,38631
USA,USA,105000
USA,USA,70000
USA,USA,163196
USA,USA,145885
USA,USA,217000
USA,USA,185000
USA,USA,202800
USA,USA,104300
USA,USA,145000
USA,USA,65000
USA,USA,165000
USA,USA,132300
USA,USA,179170
USA,USA,94300
USA,USA,152500
USA,USA,116450
USA,USA,247300
USA,USA,133800
USA,USA,203000
USA,USA,133000
USA,USA,220000
CHE,CHE,56536
USA,USA,150000
USA,USA,120000
USA,USA,289800
USA,USA,214000
USA,USA,179820
USA,USA,143860
USA,USA,283200
USA,USA,188800
USA,USA,289800
USA,USA,214200
USA,USA,185900
USA,USA,129300
USA,USA,252000
USA,USA,129000
USA,USA,155000
USA,USA,140000
USA,USA,161800
USA,USA,141600
USA,USA,342300
USA,USA,176100
USA,USA,100000
USA,USA,70000
USA,USA,85000
USA,USA,65000
USA,USA,138784
USA,USA,83270
USA,USA,75000
USA,USA,70000
USA,USA,204500
USA,USA,138900
USA,USA,318300
USA,USA,212200
USA,USA,95000
USA,USA,75000
USA,USA,195000
USA,USA,160000
USA,USA,230000
USA,USA,143200
USA,USA,100000
USA,USA,70000
USA,USA,105000
IND,IND,20670
GBR,GBR,46178
GBR,GBR,42533
USA,USA,145000
USA,USA,115000
USA,USA,168400
USA,USA,105200
USA,USA,309400
USA,USA,159100
USA,USA,190000
USA,USA,150000
USA,USA,162500
USA,USA,130000
USA,USA,150000
USA,USA,120000
USA,USA,145000
USA,USA,120000
USA,USA,222200
USA,USA,136000
CAF,CAF,54685
CAF,CAF,42533
USA,USA,241000
USA,USA,155000
USA,USA,220000
USA,USA,190000
GBR,GBR,66837
GBR,GBR,54685
NGA,NGA,15000
GBR,GBR,85066
GBR,GBR,57723
USA,USA,85000
USA,USA,75000
USA,USA,160000
USA,USA,140000
USA,USA,300000
USA,USA,250000
USA,USA,228000
USA,USA,186000
USA,USA,190000
USA,USA,170000
USA,USA,230000
USA,USA,200000
USA,USA,180000
USA,USA,115000
USA,USA,200000
USA,USA,115000
FRA,FRA,53654
USA,USA,220000
USA,USA,205000
USA,USA,180000
USA,USA,130000
USA,USA,200000
USA,USA,150000
USA,USA,215000
USA,USA,170000
USA,USA,247500
USA,USA,172200
CAN,CAN,224000
CAN,CAN,176000
USA,USA,120000
USA,USA,75000
IND,IND,17022
AUS,AUS,68318
FIN,FIN,75020
USA,USA,140000
USA,USA,120000
USA,USA,128000
USA,USA,81500
USA,USA,145000
USA,USA,115000
USA,USA,185000
USA,USA,140000
USA,USA,329500
USA,USA,269600
USA,USA,100000
USA,USA,80000
USA,USA,250000
USA,USA,162500
USA,USA,200000
USA,USA,145000
USA,USA,100000
USA,USA,145000
USA,USA,115000
USA,USA,203500
USA,USA,152000
USA,USA,239000
USA,USA,122900
USA,USA,237000
USA,USA,145000
USA,USA,191765
USA,USA,134236
USA,USA,190000
USA,USA,112000
ESP,ESP,88256
USA,USA,85000
USA,USA,65000
USA,USA,135000
USA,USA,105500
USA,USA,293000
USA,USA,185000
USA,USA,80000
USA,USA,70000
USA,USA,220000
USA,USA,160000
USA,USA,175000
USA,USA,145000
USA,USA,200000
USA,USA,148500
ESP,ESP,48289
ESP,ESP,38631
USA,USA,240500
USA,USA,123700
USA,USA,152900
USA,USA,117100
USA,USA,173000
USA,USA,113000
USA,USA,260000
USA,USA,136000
USA,USA,175000
USA,USA,110000
USA,USA,260000
USA,USA,136000
USA,USA,130000
USA,USA,110000
USA,USA,205000
USA,USA,184000
USA,USA,149500
USA,USA,127075
USA,USA,195000
USA,USA,160000
USA,USA,219535
USA,USA,146115
USA,USA,170000
USA,USA,135000
USA,USA,175000
USA,USA,145000
USA,USA,199000
USA,USA,162000
USA,USA,222200
USA,USA,136000
USA,USA,221000
USA,USA,153000
USA,USA,187000
USA,USA,128000
USA,USA,210000
USA,USA,136000
USA,USA,175000
USA,USA,100000
USA,USA,179000
USA,USA,109000
USA,USA,245000
USA,USA,180000
USA,USA,142000
USA,USA,75000
USA,USA,198800
USA,USA,105200
USA,USA,125000
USA,USA,112000
USA,USA,210000
USA,USA,155000
USA,USA,115000
USA,USA,86000
USA,USA,165000
USA,USA,140000
USA,USA,139000
USA,USA,106000
CAN,CAN,40663
CAN,CAN,275000
UKR,UKR,50000
USA,USA,280700
USA,USA,150450
CAN,CAN,51753
USA,USA,250500
USA,USA,159500
USA,USA,145000
USA,USA,115000
USA,USA,140000
USA,USA,120000
USA,USA,130001
USA,USA,71907
USA,USA,93918
USA,USA,51962
CAN,CAN,175000
CAN,CAN,135000
USA,USA,85000
USA,USA,65000
USA,USA,257000
USA,USA,147000
USA,USA,222000
USA,USA,175000
USA,USA,203000
USA,USA,133200
USA,USA,213660
USA,USA,130760
USA,USA,221000
USA,USA,147000
USA,USA,100000
USA,USA,80000
USA,USA,185900
USA,USA,129300
USA,USA,238000
USA,USA,156000
USA,USA,304000
USA,USA,199000
ESP,ESP,48289
USA,USA,150000
USA,USA,130000
USA,USA,140000
USA,USA,110000
USA,USA,90000
USA,USA,75000
GBR,GBR,195895
GBR,GBR,102772
USA,USA,240000
USA,USA,183600
USA,USA,130000
USA,USA,80000
USA,USA,250000
USA,USA,150000
USA,USA,160000
USA,USA,120000
USA,USA,289076
USA,USA,202353
USA,USA,145000
USA,USA,120000
USA,USA,155000
USA,USA,106000
USA,USA,200000
USA,USA,160000
USA,USA,157750
USA,USA,104650
USA,USA,180000
USA,USA,140000
USA,USA,200000
USA,USA,145000
USA,USA,68000
USA,USA,60000
ESP,ESP,48289
ESP,ESP,38631
USA,USA,85000
USA,USA,65000
USA,USA,125000
USA,USA,90000
USA,USA,105000
USA,USA,90000
USA,USA,179820
USA,USA,143860
USA,USA,135000
USA,USA,105500
USA,USA,155000
USA,USA,125000
USA,USA,241000
USA,USA,181000
USA,USA,252000
USA,USA,154000
USA,USA,180000
USA,USA,155000
USA,USA,191765
USA,USA,134236
USA,USA,175000
USA,USA,145000
USA,USA,237000
USA,USA,145000
USA,USA,155000
USA,USA,125000
USA,USA,80000
USA,USA,70000
USA,USA,146000
USA,USA,75000
USA,USA,64200
USA,USA,56100
USA,USA,170000
USA,USA,130000
USA,USA,208450
USA,USA,170550
USA,USA,125000
USA,USA,100000
USA,USA,135000
USA,USA,120000
USA,USA,200000
USA,USA,170000
IRL,IRL,171250
IRL,IRL,113750
USA,USA,222200
USA,USA,136000
USA,USA,260000
USA,USA,136000
USA,USA,153600
USA,USA,100500
USA,USA,205000
USA,USA,184000
CAN,CAN,115000
CAN,CAN,95000
USA,USA,182500
USA,USA,121500
USA,USA,203100
USA,USA,114500
GBR,GBR,72914
GBR,GBR,54685
USA,USA,252000
USA,USA,129000
USA,USA,92700
USA,USA,61800
USA,USA,160000
USA,USA,130000
CAN,CAN,258000
CAN,CAN,190000
USA,USA,170000
USA,USA,135000
USA,USA,167500
USA,USA,106500
USA,USA,195000
USA,USA,160000
USA,USA,146000
USA,USA,75000
NLD,NLD,59888
USA,USA,286000
USA,USA,207000
USA,USA,100000
USA,USA,80000
USA,USA,223250
USA,USA,178600
USA,USA,353200
USA,USA,249300
USA,USA,230000
USA,USA,220000
USA,USA,297300
USA,USA,198200
USA,USA,210000
USA,USA,151800
USA,USA,200000
USA,USA,170000
USA,USA,317070
USA,USA,170730
USA,USA,128000
USA,USA,81500
ESP,ESP,21461
UKR,UKR,108000
UKR,UKR,60000
USA,USA,134000
USA,USA,124000
USA,USA,171250
USA,USA,113750
USA,USA,165000
USA,USA,132300
USA,USA,225000
USA,USA,175000
USA,USA,230000
USA,USA,124500
USA,USA,247500
USA,USA,172200
USA,USA,175000
USA,USA,145000
USA,USA,148700
USA,USA,125600
USA,USA,145000
USA,USA,115000
USA,USA,200000
USA,USA,150000
USA,USA,160000
USA,USA,120000
USA,USA,185000
USA,USA,120250
USA,USA,275300
USA,USA,183000
USA,USA,170000
USA,USA,125000
USA,USA,167500
USA,USA,106500
USA,USA,250000
USA,USA,200000
USA,USA,135000
ISR,ISR,423834
USA,USA,216000
USA,USA,184000
USA,USA,180000
USA,USA,165000
USA,USA,185900
USA,USA,129300
USA,USA,145000
USA,USA,120000
USA,USA,143865
USA,USA,115092
USA,USA,130000
USA,USA,90000
USA,USA,173000
USA,USA,132000
USA,USA,208049
USA,USA,128500
USA,USA,179820
USA,USA,143860
USA,USA,167500
USA,USA,106500
USA,USA,275300
USA,USA,183500
USA,USA,149600
USA,USA,102000
USA,USA,145000
USA,USA,100000
USA,USA,190000
USA,USA,95000
USA,USA,153600
USA,USA,106800
IRL,IRL,96578
IRL,IRL,80481
USA,USA,128000
USA,USA,85000
USA,USA,151000
USA,USA,140000
USA,USA,275300
USA,USA,183500
USA,USA,220000
USA,USA,170000
USA,USA,135000
USA,USA,105500
USA,USA,100000
USA,USA,80000
GHA,GHA,7000
DEU,DEU,42923
CAN,CAN,160000
CAN,CAN,145000
USA,USA,154000
USA,USA,143000
GBR,GBR,78990
GBR,GBR,51039
USA,USA,190000
USA,USA,120000
GBR,GBR,85066
GBR,GBR,51039
GBR,GBR,109371
GBR,GBR,72914
USA,USA,150000
USA,USA,111000
USA,USA,265000
USA,USA,235000
CHE,CHE,121093
DEU,DEU,73546
USA,USA,160000
USA,USA,130000
USA,USA,75000
USA,USA,60400
USA,USA,85000
USA,USA,75000
USA,USA,252000
USA,USA,129000
USA,USA,92700
USA,USA,61800
IRL,IRL,172309
AUT,AUT,60093
USA,USA,83500
USA,USA,52500
USA,USA,201036
USA,USA,134024
USA,USA,165000
USA,USA,140000
USA,USA,62000
USA,USA,58000
USA,USA,172000
USA,USA,115000
USA,USA,125000
USA,USA,90000
USA,USA,163800
USA,USA,126000
USA,USA,237000
USA,USA,145000
USA,USA,90000
USA,USA,90000
USA,USA,139500
USA,USA,109400
CAN,CAN,258000
CAN,CAN,190000
USA,USA,145000
USA,USA,120000
USA,USA,205600
USA,USA,105700
USA,USA,252000
USA,USA,129000
USA,USA,239748
USA,USA,159832
USA,USA,186300
USA,USA,102500
USA,USA,165000
USA,USA,132300
USA,USA,190000
USA,USA,126000
USA,USA,149040
USA,USA,113900
USA,USA,153600
USA,USA,106800
USA,USA,172600
USA,USA,107900
USA,USA,180180
USA,USA,106020
USA,USA,376080
USA,USA,213120
USA,USA,153600
USA,USA,100500
USA,USA,206500
USA,USA,121600
USA,USA,260000
USA,USA,225000
USA,USA,194500
USA,USA,115500
USA,USA,170000
USA,USA,90000
USA,USA,95000
USA,USA,70000
USA,USA,275000
USA,USA,160000
USA,USA,115934
USA,USA,81666
USA,USA,175000
USA,USA,120000
USA,USA,150000
USA,USA,120000
USA,USA,200000
USA,USA,175000
USA,USA,206000
USA,USA,130000
GBR,GBR,138000
GBR,GBR,92000
COL,COL,65000
COL,COL,48000
USA,USA,110000
USA,USA,75000
USA,USA,130000
USA,USA,87000
USA,USA,160000
USA,USA,112000
USA,USA,162500
USA,USA,130000
USA,USA,299500
USA,USA,245100
USA,USA,145000
USA,USA,100000
USA,USA,147100
USA,USA,90700
USA,USA,115100
USA,USA,73900
USA,USA,168400
USA,USA,105200
USA,USA,210000
USA,USA,160000
USA,USA,145000
USA,USA,100000
USA,USA,222200
USA,USA,136000
USA,USA,100000
USA,USA,85000
GBR,GBR,85066
GBR,GBR,57723
USA,USA,200000
USA,USA,145000
USA,USA,140000
USA,USA,95000
USA,USA,185000
USA,USA,120250
USA,USA,130000
USA,USA,205000
USA,USA,140000
USA,USA,297300
USA,USA,198200
USA,USA,141288
USA,USA,94192
USA,USA,184000
USA,USA,143000
USA,USA,70000
USA,USA,55000
USA,USA,275300
USA,USA,183500
USA,USA,75000
USA,USA,65000
USA,USA,160000
USA,USA,147000
USA,USA,149040
USA,USA,113900
SGP,SGP,75020
USA,USA,180180
USA,USA,106020
IND,IND,17022
IND,IND,70000
SWE,SWE,80000
IND,IND,18238
USA,USA,250000
USA,USA,150000
USA,USA,139500
USA,USA,109400
USA,USA,105000
USA,USA,70000
USA,USA,210914
USA,USA,116704
USA,USA,150000
USA,USA,100000
USA,USA,146000
USA,USA,75000
USA,USA,75000
USA,USA,60000
USA,USA,185700
USA,USA,165000
USA,USA,160000
USA,USA,130000
USA,USA,169000
USA,USA,110600
USA,USA,193000
USA,USA,136850
USA,USA,139500
USA,USA,109400
USA,USA,276000
USA,USA,178500
ESP,ESP,59020
ESP,ESP,48289
SVN,SVN,75116
SVN,SVN,48289
GBR,GBR,195652
GBR,GBR,101228
GBR,GBR,136956
GBR,GBR,101228
USA,USA,252000
USA,USA,129000
USA,USA,130000
USA,USA,150000
USA,USA,163800
USA,USA,126000
CAN,CAN,260000
CAN,CAN,110000
USA,USA,170000
USA,USA,130000
USA,USA,247500
USA,USA,172200
USA,USA,239748
USA,USA,159832
USA,USA,163800
USA,USA,126000
USA,USA,128750
USA,USA,106250
USA,USA,252000
USA,USA,129000
USA,USA,299500
USA,USA,245100
USA,USA,155000
USA,USA,140000
USA,USA,167500
USA,USA,106500
USA,USA,188500
USA,USA,117000
USA,USA,250000
USA,USA,138000
CAN,CAN,130000
CAN,CAN,100000
DEU,DEU,123405
USA,USA,140000
USA,USA,120000
USA,USA,160000
USA,USA,135000
USA,USA,104500
USA,USA,70000
USA,USA,90000
USA,USA,70000
USA,USA,153600
USA,USA,106800
USA,USA,125000
USA,USA,90000
USA,USA,185000
USA,USA,125000
USA,USA,127000
USA,USA,94000
USA,USA,210550
USA,USA,153300
USA,USA,200000
USA,USA,150000
USA,USA,161500
USA,USA,119500
USA,USA,175000
USA,USA,145000
USA,USA,175000
USA,USA,148750
USA,USA,105000
USA,USA,85000
USA,USA,215000
USA,USA,146300
DEU,DEU,214618
MEX,MEX,72000
MEX,MEX,60000
USA,USA,153400
USA,USA,122700
USA,USA,260000
USA,USA,175000
USA,USA,186300
USA,USA,123900
USA,USA,340000
USA,USA,150000
USA,USA,153400
USA,USA,122700
USA,USA,250000
USA,USA,175000
FRA,FRA,64385
USA,USA,185900
USA,USA,121700
USA,USA,153600
USA,USA,106800
NGA,NGA,50000
UZB,UZB,100000
USA,USA,247500
USA,USA,172200
USA,USA,310000
USA,USA,239000
USA,USA,125000
USA,USA,110000
USA,USA,150000
USA,USA,100000
USA,USA,149076
USA,USA,82365
USA,USA,146000
USA,USA,75000
USA,USA,139500
USA,USA,109400
USA,USA,139500
USA,USA,109400
USA,USA,149600
USA,USA,102000
GBR,GBR,97218
GBR,GBR,48609
USA,USA,252000
USA,USA,129000
USA,USA,95000
USA,USA,85500
USA,USA,185900
USA,USA,121700
USA,USA,150000
USA,USA,100000
USA,USA,145000
USA,USA,125000
USA,USA,150000
USA,USA,97750
USA,USA,201000
USA,USA,122000
USA,USA,252000
USA,USA,129000
USA,USA,120000
USA,USA,75000
USA,USA,116990
USA,USA,82920
USA,USA,185900
USA,USA,129300
USA,USA,200000
USA,USA,125000
USA,USA,201000
USA,USA,122000
USA,USA,204500
USA,USA,142200
USA,USA,155000
USA,USA,140000
USA,USA,205920
USA,USA,171600
USA,USA,121500
USA,USA,78000
USA,USA,154000
USA,USA,116000
USA,USA,190000
USA,USA,136000
GBR,GBR,78990
GBR,GBR,43809
USA,USA,180000
USA,USA,110000
USA,USA,275300
USA,USA,183000
USA,USA,170000
USA,USA,140000
USA,USA,154000
USA,USA,116000
USA,USA,160000
USA,USA,130000
USA,USA,200000
USA,USA,120000
USA,USA,175000
USA,USA,160000
GBR,GBR,127599
GBR,GBR,103294
USA,USA,153600
USA,USA,106800
USA,USA,85000
USA,USA,75000
USA,USA,225000
USA,USA,156400
USA,USA,150000
USA,USA,120000
USA,USA,163800
USA,USA,126000
USA,USA,145000
USA,USA,90000
USA,USA,204500
USA,USA,142200
USA,USA,95000
USA,USA,85500
USA,USA,167500
USA,USA,106500
USA,USA,163800
USA,USA,126000
USA,USA,155000
USA,USA,140000
USA,USA,250000
USA,USA,200000
USA,USA,260000
USA,USA,186000
USA,USA,160000
USA,USA,130000
USA,USA,200000
USA,USA,150000
ESP,ESP,48289
ESP,ESP,38631
USA,USA,150000
USA,USA,120000
IND,IND,30000
USA,USA,185000
USA,USA,125000
USA,USA,34320
BRA,BRA,9289
PRT,PRT,75116
UZB,UZB,106000
USA,USA,175000
USA,USA,130000
USA,USA,122000
USA,USA,93800
MEX,MEX,150000
MEX,MEX,90000
USA,USA,165000
USA,USA,112000
USA,USA,220000
DEU,DEU,71897
DEU,DEU,64385
USA,USA,204500
USA,USA,142200
IND,IND,15806
USA,USA,200000
USA,USA,175000
USA,USA,185900
USA,USA,129300
USA,USA,185900
USA,USA,121700
USA,USA,204500
USA,USA,142200
FRA,FRA,40000
THA,THA,29453
USA,USA,180180
USA,USA,106020
USA,USA,136000
USA,USA,104000
USA,USA,125000
USA,USA,110000
USA,USA,153400
USA,USA,122700
USA,USA,310000
USA,USA,239000
USA,USA,152380
USA,USA,121904
USA,USA,185900
USA,USA,129300
USA,USA,247500
USA,USA,172200
USA,USA,168400
USA,USA,105200
USA,USA,128280
USA,USA,106900
USA,USA,192000
USA,USA,140000
USA,USA,100000
DEU,DEU,107309
DEU,DEU,85847
DEU,DEU,275000
DEU,DEU,174000
USA,USA,139500
USA,USA,109400
USA,USA,139500
USA,USA,109400
USA,USA,170500
USA,USA,85000
GBR,GBR,72946
GBR,GBR,54365
GBR,GBR,160288
GBR,GBR,127467
USA,USA,80000
USA,USA,65000
USA,USA,124740
USA,USA,65488
USA,USA,72200
USA,USA,64980
USA,USA,153600
USA,USA,106800
USA,USA,179975
USA,USA,86466
USA,USA,120000
USA,USA,90000
GBR,GBR,51039
GBR,GBR,42533
USA,USA,149076
USA,USA,82365
USA,USA,169000
USA,USA,110600
USA,USA,175000
USA,USA,120000
USA,USA,230000
USA,USA,180000
USA,USA,153600
USA,USA,106800
USA,USA,140000
USA,USA,120000
USA,USA,205920
USA,USA,171600
USA,USA,165000
USA,USA,125000
USA,USA,265000
USA,USA,185000
USA,USA,130000
USA,USA,168000
ESP,ESP,38631
USA,USA,95000
USA,USA,85500
USA,USA,147100
USA,USA,90700
USA,USA,167580
USA,USA,87980
USA,USA,202000
USA,USA,135000
USA,USA,163800
USA,USA,126000
USA,USA,163800
USA,USA,126000
USA,USA,104000
USA,USA,65000
USA,USA,230000
USA,USA,148000
CAN,CAN,269000
CAN,CAN,158000
USA,USA,197000
USA,USA,106000
USA,USA,150000
USA,USA,100000
USA,USA,290000
USA,USA,210000
USA,USA,192000
USA,USA,172800
USA,USA,300240
USA,USA,200160
USA,USA,300240
USA,USA,200160
USA,USA,175000
USA,USA,140000
USA,USA,169000
USA,USA,100000
USA,USA,370000
USA,USA,245000
GBR,GBR,115447
USA,USA,110000
USA,USA,80000
USA,USA,55000
USA,USA,48000
USA,USA,95000
USA,USA,85000
USA,USA,137500
USA,USA,81500
USA,USA,323300
USA,USA,184700
GHA,GHA,30000
USA,USA,186000
USA,USA,153088
USA,USA,190000
USA,USA,160000
USA,USA,200000
USA,USA,150000
USA,USA,190000
USA,USA,183310
USA,USA,240000
USA,USA,180000
USA,USA,200000
USA,USA,150000
USA,USA,299500
USA,USA,245100
USA,USA,144000
USA,USA,66000
USA,USA,148500
USA,USA,126277
USA,USA,228000
USA,USA,120000
USA,USA,180000
USA,USA,90000
USA,USA,126500
USA,USA,78000
USA,USA,180000
USA,USA,160000
USA,USA,272000
USA,USA,170000
USA,USA,80000
USA,USA,60000
USA,USA,259000
USA,USA,146000
USA,USA,200000
USA,USA,160000
USA,USA,310000
USA,USA,239000
USA,USA,142000
USA,USA,95000
USA,USA,155000
USA,USA,139500
USA,USA,140000
USA,USA,120000
USA,USA,259000
USA,USA,146000
HRV,HRV,109371
HRV,HRV,72914
POL,POL,17779
BRA,BRA,19522
USA,USA,247500
USA,USA,172200
USA,USA,225000
USA,USA,156400
USA,USA,139500
USA,USA,109400
USA,USA,125000
USA,USA,90000
FRA,FRA,107309
FRA,FRA,75116
USA,USA,185900
USA,USA,129300
USA,USA,139500
USA,USA,109400
USA,USA,120000
USA,USA,75000
USA,USA,169000
USA,USA,110600
USA,USA,288000
USA,USA,140000
USA,USA,288000
USA,USA,140000
USA,USA,120000
USA,USA,90000
GBR,GBR,72914
GBR,GBR,60761
USA,USA,215050
USA,USA,156400
USA,USA,198000
USA,USA,114000
USA,USA,75000
USA,USA,60000
USA,USA,204500
USA,USA,142200
USA,USA,209300
USA,USA,182200
USA,USA,140000
USA,USA,120000
USA,USA,85000
GBR,GBR,48609
GBR,GBR,120000
GBR,GBR,60000
USA,USA,147100
USA,USA,90700
USA,USA,230000
USA,USA,170000
USA,USA,227000
USA,USA,108000
USA,USA,180000
USA,USA,160000
USA,USA,180000
USA,USA,160000
USA,USA,180000
USA,USA,130000
ESP,ESP,55800
ESP,ESP,51508
USA,USA,60000
KWT,KWT,50000
USA,USA,226700
USA,USA,133300
USA,USA,252000
USA,USA,129000
GBR,GBR,151902
IND,IND,9727
USA,USA,80000
USA,USA,52500
USA,USA,250000
USA,USA,162500
USA,USA,85000
USA,USA,75000
USA,USA,153600
USA,USA,106800
USA,USA,165000
USA,USA,124000
USA,USA,115934
USA,USA,81666
USA,USA,167580
USA,USA,87980
USA,USA,250000
USA,USA,63000
ESP,ESP,253750
ESP,ESP,169200
ESP,ESP,253750
ESP,ESP,169200
USA,USA,170000
USA,USA,120000
USA,USA,124740
USA,USA,65488
USA,USA,213580
USA,USA,163625
VNM,VNM,12000
USA,USA,375000
IRL,IRL,101943
IND,IND,16414
USA,USA,220000
USA,USA,170000
USA,USA,235000
USA,USA,210000
USA,USA,180000
USA,USA,115000
USA,USA,200000
USA,USA,115000
USA,USA,231250
USA,USA,138750
USA,USA,284310
USA,USA,153090
USA,USA,160000
USA,USA,75000
USA,USA,125000
USA,USA,105000
GBR,GBR,109371
GBR,GBR,85066
USA,USA,55000
USA,USA,48000
USA,USA,100000
USA,USA,225900
USA,USA,156400
USA,USA,250000
USA,USA,162500
USA,USA,318300
USA,USA,188800
USA,USA,385000
USA,USA,60000
USA,USA,110000
USA,USA,95000
USA,USA,145000
USA,USA,135000
USA,USA,180180
USA,USA,106020
USA,USA,93919
USA,USA,51962
USA,USA,241871
USA,USA,133832
USA,USA,170000
USA,USA,90000
USA,USA,210914
USA,USA,116704
USA,USA,192500
USA,USA,140000
USA,USA,149076
USA,USA,82365
MEX,MEX,36000
USA,USA,175000
USA,USA,148750
USA,USA,370000
USA,USA,200000
USA,USA,235000
USA,USA,185000
GBR,GBR,121523
GBR,GBR,97218
USA,USA,216100
USA,USA,140800
GBR,GBR,145828
GBR,GBR,121523
NLD,NLD,53654
USA,USA,110000
USA,USA,128000
USA,USA,81500
GBR,GBR,66837
GBR,GBR,63192
GBR,GBR,60761
GBR,GBR,54685
USA,USA,284000
USA,USA,236000
CAN,CAN,248100
CAN,CAN,145900
USA,USA,155850
USA,USA,102544
USA,USA,151410
USA,USA,115360
ESP,ESP,66531
ESP,ESP,59020
CAN,CAN,125686
NLD,NLD,100000
IND,IND,12767
USA,USA,250000
USA,USA,162500
GBR,GBR,185000
GBR,GBR,120250
DEU,DEU,26827
USA,USA,180000
USA,USA,85000
USA,USA,70000
USA,USA,135000
USA,USA,100000
USA,USA,155000
USA,USA,140000
USA,USA,204500
USA,USA,142200
USA,USA,226700
USA,USA,133300
USA,USA,225000
USA,USA,156400
USA,USA,163800
USA,USA,126000
USA,USA,163800
USA,USA,126000
USA,USA,220000
USA,USA,150000
USA,USA,145000
USA,USA,115000
USA,USA,204500
USA,USA,138900
USA,USA,162500
USA,USA,130000
USA,USA,150000
USA,USA,107000
USA,USA,175000
USA,USA,110000
USA,USA,226700
USA,USA,133300
USA,USA,252000
USA,USA,129000
USA,USA,150000
USA,USA,125000
USA,USA,252000
USA,USA,129000
USA,USA,225000
USA,USA,156400
IND,IND,23000
USA,USA,110000
USA,USA,265000
USA,USA,182750
USA,USA,130000
USA,USA,100000
USA,USA,153600
USA,USA,106800
USA,USA,137500
USA,USA,81500
USA,USA,314100
USA,USA,195800
USA,USA,205000
USA,USA,180000
USA,USA,165000
USA,USA,144000
USA,USA,160000
USA,USA,100000
USA,USA,200000
USA,USA,145000
USA,USA,150000
USA,USA,100000
USA,USA,199000
USA,USA,112000
USA,USA,105000
USA,USA,70000
SWE,SWE,130000
USA,USA,180180
USA,USA,106020
USA,USA,160000
USA,USA,135000
USA,USA,183000
USA,USA,134000
USA,USA,220000
USA,USA,150000
USA,USA,350000
USA,USA,262500
USA,USA,122000
USA,USA,94000
USA,USA,276000
USA,USA,184000
USA,USA,310000
USA,USA,239000
USA,USA,225000
USA,USA,156400
USA,USA,180000
USA,USA,150000
USA,USA,228000
USA,USA,152000
USA,USA,209450
USA,USA,158677
USA,USA,175000
USA,USA,145000
USA,USA,240000
USA,USA,170000
USA,USA,103200
USA,USA,61200
USA,USA,155000
SGP,SGP,66970
CYP,CYP,63312
USA,USA,237000
USA,USA,145000
USA,USA,240000
USA,USA,139000
USA,USA,174500
USA,USA,113000
USA,USA,130000
USA,USA,87000
USA,USA,160000
USA,USA,108000
USA,USA,165000
USA,USA,107250
USA,USA,300000
USA,USA,119000
USA,USA,285800
USA,USA,154600
IND,IND,60795
ARG,ARG,30000
USA,USA,220000
USA,USA,195000
USA,USA,168400
USA,USA,105200
USA,USA,206000
USA,USA,160000
USA,USA,200000
USA,USA,175000
USA,USA,231250
USA,USA,138750
CAN,CAN,153000
CAN,CAN,94000
USA,USA,240500
USA,USA,123700
USA,USA,160000
USA,USA,90000
USA,USA,124234
USA,USA,74540
USA,USA,109000
USA,USA,79000
FRA,FRA,84053
ARM,ARM,50000
USA,USA,275300
USA,USA,183500
USA,USA,275300
USA,USA,183500
USA,USA,160000
USA,USA,125600
USA,USA,170000
USA,USA,120000
USA,USA,225000
USA,USA,140000
USA,USA,141290
USA,USA,74178
USA,USA,150000
USA,USA,120000
USA,USA,85000
USA,USA,75000
USA,USA,220000
USA,USA,160000
USA,USA,205600
USA,USA,107500
USA,USA,120000
USA,USA,95000
USA,USA,185900
USA,USA,129300
USA,USA,160000
USA,USA,130000
IND,IND,12888
USA,USA,250000
USA,USA,175000
USA,USA,136000
USA,USA,104000
USA,USA,80000
USA,USA,52500
USA,USA,110000
USA,USA,84000
USA,USA,125000
USA,USA,110000
USA,USA,90000
USA,USA,80000
USA,USA,200000
USA,USA,135000
USA,USA,48000
BIH,BIH,120000
USA,USA,130000
USA,USA,75000
USA,USA,252000
USA,USA,129000
USA,USA,150000
USA,USA,100000
USA,USA,226700
USA,USA,133300
USA,USA,190000
USA,USA,165000
USA,USA,170000
USA,USA,150000
USA,USA,150000
USA,USA,130000
USA,USA,225000
USA,USA,156400
USA,USA,200000
KEN,KEN,80000
GRC,GRC,12877
MKD,MKD,6304
IND,IND,17509
USA,USA,257000
USA,USA,134000
LVA,LVA,77262
LVA,LVA,38631
USA,USA,205600
USA,USA,105700
USA,USA,140000
USA,USA,110000
USA,USA,299500
USA,USA,245100
USA,USA,210000
USA,USA,151800
ROU,ROU,53654
ESP,ESP,51508
ESP,ESP,40777
ESP,ESP,51508
ESP,ESP,40777
USA,USA,160000
USA,USA,135000
USA,USA,120000
USA,USA,95000
USA,USA,250000
USA,USA,63000
USA,USA,237000
USA,USA,145000
USA,USA,130000
USA,USA,90000
USA,USA,120000
USA,USA,100000
USA,USA,174500
USA,USA,113000
USA,USA,183310
USA,USA,183310
USA,USA,145000
USA,USA,102500
USA,USA,210000
USA,USA,185000
USA,USA,174500
USA,USA,113000
USA,USA,122000
USA,USA,94000
USA,USA,220000
USA,USA,146000
USA,USA,300000
USA,USA,130000
THA,THA,24740
IND,IND,15897
USA,USA,145000
USA,USA,128000
USA,USA,182000
USA,USA,140000
USA,USA,122000
USA,USA,94000
LVA,LVA,77262
LVA,LVA,38631
USA,USA,300000
USA,USA,200000
USA,USA,135000
USA,USA,105500
USA,USA,252000
USA,USA,129000
USA,USA,110000
USA,USA,136000
USA,USA,104000
USA,USA,168000
USA,USA,130000
GBR,GBR,78990
GBR,GBR,43809
USA,USA,120000
USA,USA,95000
USA,USA,153400
USA,USA,122700
USA,USA,185000
USA,USA,160000
USA,USA,205000
USA,USA,185000
USA,USA,204500
USA,USA,142200
USA,USA,145000
USA,USA,87000
IND,IND,50000
USA,USA,234100
USA,USA,203500
USA,USA,223800
USA,USA,172100
USA,USA,180000
USA,USA,150000
USA,USA,232200
USA,USA,167200
USA,USA,197000
USA,USA,106000
USA,USA,180000
USA,USA,145000
USA,USA,225000
USA,USA,200000
USA,USA,170000
USA,USA,114000
USA,USA,291500
USA,USA,180000
USA,USA,196200
USA,USA,150900
USA,USA,168400
USA,USA,105200
ESP,ESP,95000
ESP,ESP,80000
USA,USA,116000
USA,USA,72000
USA,USA,207000
USA,USA,167000
USA,USA,145000
USA,USA,135000
USA,USA,105000
USA,USA,70000
USA,USA,180000
USA,USA,115000
USA,USA,133800
USA,USA,96100
USA,USA,120000
USA,USA,80000
USA,USA,140000
USA,USA,100000
USA,USA,150000
USA,USA,120000
USA,USA,140000
USA,USA,115000
USA,USA,297300
USA,USA,198200
USA,USA,297300
USA,USA,198200
USA,USA,202000
USA,USA,135000
USA,USA,110000
USA,USA,84000
USA,USA,219000
USA,USA,230000
USA,USA,196000
USA,USA,140000
USA,USA,110000
USA,USA,150000
USA,USA,100000
USA,USA,160000
USA,USA,110000
USA,USA,185900
USA,USA,129300
USA,USA,126100
USA,USA,72000
USA,USA,170000
USA,USA,150000
USA,USA,175000
USA,USA,140000
USA,USA,240500
USA,USA,137500
USA,USA,187500
USA,USA,165000
GBR,GBR,72914
ESP,ESP,25216
USA,USA,210000
USA,USA,165750
USA,USA,225000
USA,USA,165750
GBR,GBR,109006
GBR,GBR,67141
USA,USA,135000
USA,USA,115000
USA,USA,275000
USA,USA,175000
USA,USA,170000
USA,USA,140000
USA,USA,175308
USA,USA,100706
USA,USA,235000
USA,USA,135000
USA,USA,310000
USA,USA,229000
USA,USA,289076
USA,USA,202353
PRT,PRT,69751
PRT,PRT,37558
USA,USA,120000
USA,USA,100000
USA,USA,226700
USA,USA,133300
USA,USA,125000
USA,USA,85000
USA,USA,130000
USA,USA,80000
USA,USA,120000
USA,USA,100000
IND,IND,54094
IND,IND,18314
USA,USA,231250
USA,USA,138750
USA,USA,199000
USA,USA,162000
USA,USA,160000
USA,USA,135000
USA,USA,100000
USA,USA,200000
USA,USA,150000
USA,USA,160000
USA,USA,120000
USA,USA,250000
USA,USA,200000
USA,USA,150000
USA,USA,120000
USA,USA,150000
USA,USA,100000
NLD,NLD,133000
USA,USA,272550
USA,USA,198200
USA,USA,182000
USA,USA,140000
USA,USA,200000
USA,USA,160000
USA,USA,204500
USA,USA,142200
USA,USA,120000
USA,USA,105000
USA,USA,187500
USA,USA,175000
USA,USA,204500
USA,USA,142200
USA,USA,155000
USA,USA,64000
USA,USA,235000
USA,USA,185000
USA,USA,174500
USA,USA,113000
CAN,CAN,143100
CAN,CAN,113000
USA,USA,184000
USA,USA,142000
USA,USA,140000
USA,USA,120000
USA,USA,174500
USA,USA,113000
USA,USA,180560
USA,USA,115440
USA,USA,140000
USA,USA,120000
USA,USA,248100
USA,USA,145900
CAN,CAN,120000
CAN,CAN,110000
USA,USA,291500
USA,USA,180000
GBR,GBR,75344
GBR,GBR,63192
USA,USA,161800
USA,USA,141600
GBR,GBR,58331
GBR,GBR,46178
USA,USA,166000
USA,USA,128000
USA,USA,170000
USA,USA,110000
USA,USA,160000
USA,USA,75000
USA,USA,236000
USA,USA,182000
IND,IND,14307
USA,USA,130000
USA,USA,150000
USA,USA,100000
USA,USA,261500
USA,USA,134500
IND,IND,13989
USA,USA,130000
USA,USA,90000
USA,USA,160000
USA,USA,135000
USA,USA,125000
USA,USA,175000
USA,USA,155000
USA,USA,153600
USA,USA,106800
USA,USA,150000
USA,USA,140000
USA,USA,122000
USA,USA,94500
USA,USA,170000
USA,USA,130000
USA,USA,145000
USA,USA,128000
USA,USA,145000
USA,USA,100000
USA,USA,175000
USA,USA,120000
USA,USA,145000
USA,USA,115000
USA,USA,150000
USA,USA,150000
USA,USA,100000
USA,USA,150000
USA,USA,127500
USA,USA,126500
USA,USA,51000
USA,USA,260000
USA,USA,175000
AUS,AUS,40000
PAK,PAK,40000
USA,USA,250000
USA,USA,63000
USA,USA,210000
USA,USA,160000
USA,USA,272550
USA,USA,198200
FRA,FRA,94560
FRA,FRA,52533
USA,USA,220000
USA,USA,146000
USA,USA,150000
USA,USA,100000
CAN,CAN,248400
CAN,CAN,183600
USA,USA,150000
USA,USA,150000
PAK,PAK,40000
IND,IND,56723
USA,USA,120000
USA,USA,95000
USA,USA,160000
USA,USA,135000
ITA,ITA,24165
USA,USA,216000
USA,USA,144000
USA,USA,85000
USA,USA,65000
USA,USA,149000
USA,USA,119000
USA,USA,140000
USA,USA,120000
USA,USA,150000
USA,USA,110000
USA,USA,246000
USA,USA,201000
USA,USA,190000
USA,USA,155000
USA,USA,235000
USA,USA,185000
USA,USA,190000
USA,USA,160000
USA,USA,100000
USA,USA,130000
USA,USA,115000
GBR,GBR,92350
GBR,GBR,67723
USA,USA,105000
USA,USA,70000
USA,USA,204500
USA,USA,142200
USA,USA,192000
USA,USA,164000
USA,USA,185900
USA,USA,129300
USA,USA,130000
USA,USA,75000
USA,USA,175000
USA,USA,120000
USA,USA,167500
USA,USA,106500
USA,USA,75000
USA,USA,60000
USA,USA,184000
USA,USA,142000
USA,USA,145000
USA,USA,100000
MAR,MAR,10000
IND,IND,31795
POL,POL,44365
USA,USA,175000
USA,USA,120000
USA,USA,175000
USA,USA,120000
USA,USA,200000
USA,USA,145000
GBR,GBR,92350
GBR,GBR,73880
USA,USA,145000
USA,USA,100000
USA,USA,192000
USA,USA,164000
USA,USA,310000
USA,USA,239000
USA,USA,120000
USA,USA,95000
USA,USA,145000
USA,USA,135000
USA,USA,100000
USA,USA,78000
ESP,ESP,73546
ESP,ESP,36773
USA,USA,160000
USA,USA,120000
USA,USA,190000
USA,USA,150000
IND,IND,35610
COL,COL,125000
USA,USA,120000
USA,USA,95000
USA,USA,150000
USA,USA,100000
ESP,ESP,47280
ESP,ESP,37824
USA,USA,115934
USA,USA,81666
USA,USA,175000
USA,USA,140000
USA,USA,120000
USA,USA,95000
USA,USA,249500
USA,USA,149850
USA,USA,122500
USA,USA,100000
USA,USA,249500
USA,USA,149850
USA,USA,55000
USA,USA,48000
USA,USA,249500
USA,USA,149850
FRA,FRA,58837
USA,USA,190000
USA,USA,120000
USA,USA,127000
USA,USA,104000
USA,USA,210000
USA,USA,150000
USA,USA,210000
USA,USA,150000
USA,USA,210000
USA,USA,130000
USA,USA,182750
USA,USA,161500
USA,USA,102640
USA,USA,66100
USA,USA,210000
USA,USA,150000
USA,USA,198800
USA,USA,122600
USA,USA,130000
USA,USA,80000
USA,USA,136000
USA,USA,104000
USA,USA,150000
USA,USA,100000
USA,USA,160000
USA,USA,135000
USA,USA,216000
USA,USA,144000
USA,USA,159000
USA,USA,130000
USA,USA,115934
USA,USA,81666
USA,USA,215000
USA,USA,150000
USA,USA,246000
USA,USA,201000
USA,USA,187000
USA,USA,153000
MEX,MEX,255000
MEX,MEX,185000
GBR,GBR,430967
GBR,GBR,55410
ESP,ESP,50432
ESP,ESP,39925
USA,USA,169000
USA,USA,110600
DEU,DEU,60938
USA,USA,140000
USA,USA,120000
USA,USA,75000
USA,USA,60000
CAN,CAN,10000
USA,USA,50000
USA,USA,134000
USA,USA,124000
USA,USA,166700
USA,USA,119000
USA,USA,124234
USA,USA,74540
USA,USA,100000
USA,USA,65000
IND,IND,16904
CAN,CAN,200000
ARG,ARG,12000
USA,USA,220000
USA,USA,146000
ESP,ESP,68293
ESP,ESP,36773
USA,USA,110000
USA,USA,70000
USA,USA,50000
USA,USA,120000
USA,USA,95000
USA,USA,150000
USA,USA,100000
ESP,ESP,47280
ESP,ESP,37824
USA,USA,190000
USA,USA,135000
USA,USA,128000
USA,USA,81500
USA,USA,173000
USA,USA,110000
USA,USA,192000
USA,USA,120000
USA,USA,115934
USA,USA,81666
USA,USA,120000
USA,USA,95000
USA,USA,190000
USA,USA,194000
USA,USA,129400
USA,USA,201000
USA,USA,89200
USA,USA,165000
USA,USA,125000
USA,USA,230000
USA,USA,196000
USA,USA,130000
USA,USA,90000
USA,USA,150000
USA,USA,100000
USA,USA,230000
USA,USA,150000
USA,USA,153600
USA,USA,106800
USA,USA,130000
USA,USA,100000
USA,USA,216000
USA,USA,144000
USA,USA,180000
USA,USA,120000
USA,USA,160000
USA,USA,135000
USA,USA,192500
USA,USA,140000
USA,USA,152500
USA,USA,130000
USA,USA,65000
USA,USA,55000
USA,USA,178750
USA,USA,160000
FRA,FRA,63040
FRA,FRA,52533
USA,USA,165000
USA,USA,135000
USA,USA,170000
USA,USA,125000
USA,USA,105000
USA,USA,70000
USA,USA,130000
USA,USA,95000
USA,USA,203500
USA,USA,152000
USA,USA,197430
USA,USA,134760
USA,USA,120000
USA,USA,197000
USA,USA,99000
USA,USA,220000
USA,USA,162000
LTU,LTU,110446
LTU,LTU,79178
GBR,GBR,70186
GBR,GBR,51716
USA,USA,149040
USA,USA,113900
USA,USA,95000
USA,USA,115000
USA,USA,171000
ARG,ARG,13000
USA,USA,100000
USA,USA,78000
USA,USA,120000
USA,USA,95000
USA,USA,110000
USA,USA,70000
BEL,BEL,50000
USA,USA,185900
USA,USA,129300
USA,USA,150000
USA,USA,100000
USA,USA,230000
USA,USA,154600
USA,USA,204500
USA,USA,142200
USA,USA,160000
USA,USA,75000
ESP,ESP,47280
ESP,ESP,37824
USA,USA,213000
USA,USA,152000
USA,USA,140000
USA,USA,120000
USA,USA,110000
USA,USA,70000
CAN,CAN,227200
CAN,CAN,168000
ASM,ASM,20000
DEU,DEU,64090
DEU,DEU,60938
USA,USA,243000
USA,USA,183000
USA,USA,175000
USA,USA,150000
USA,USA,130000
USA,USA,90000
USA,USA,165000
USA,USA,124000
CAN,CAN,178000
CAN,CAN,132000
USA,USA,300000
USA,USA,130000
USA,USA,169000
USA,USA,110600
USA,USA,116000
USA,USA,96000
GBR,GBR,92350
GBR,GBR,70186
USA,USA,105000
USA,USA,70000
CAN,CAN,105236
USA,USA,194000
USA,USA,129400
USA,USA,190000
USA,USA,135000
USA,USA,100000
USA,USA,70000
USA,USA,189750
USA,USA,140250
USA,USA,130000
USA,USA,100000
USA,USA,160000
USA,USA,109000
USA,USA,250000
USA,USA,150000
USA,USA,206000
USA,USA,160000
USA,USA,135000
USA,USA,120000
FRA,FRA,115573
FRA,FRA,73546
USA,USA,160000
USA,USA,135000
USA,USA,150000
USA,USA,100000
USA,USA,120000
USA,USA,95000
ESP,ESP,68293
ESP,ESP,42026
USA,USA,191200
USA,USA,130000
USA,USA,191200
USA,USA,130000
DEU,DEU,66192
USA,USA,50000
USA,USA,230000
USA,USA,154600
USA,USA,120000
USA,USA,95000
USA,USA,140000
USA,USA,120000
USA,USA,169000
USA,USA,110600
USA,USA,80000
USA,USA,185900
USA,USA,129300
USA,USA,135000
USA,USA,110000
USA,USA,155000
USA,USA,140000
USA,USA,205000
USA,USA,150000
USA,USA,179500
USA,USA,134000
USA,USA,180000
USA,USA,120000
USA,USA,185900
USA,USA,129300
USA,USA,175000
USA,USA,145000
USA,USA,235000
USA,USA,175000
ESP,ESP,27317
USA,USA,160000
USA,USA,90000
ESP,ESP,68293
ESP,ESP,36773
USA,USA,145000
USA,USA,115000
USA,USA,165000
USA,USA,135000
USA,USA,168400
USA,USA,105200
GBR,GBR,86193
GBR,GBR,49253
USA,USA,200000
USA,USA,160000
ESP,ESP,47280
ESP,ESP,37824
USA,USA,198800
USA,USA,122600
IRN,IRN,100000
FRA,FRA,105066
USA,USA,130000
USA,USA,100000
GBR,GBR,104663
GBR,GBR,73880
USA,USA,125000
USA,USA,110000
USA,USA,165000
USA,USA,124000
USA,USA,148000
USA,USA,107000
USA,USA,150000
USA,USA,100000
USA,USA,160000
USA,USA,135000
USA,USA,120000
USA,USA,95000
USA,USA,153600
USA,USA,106800
CAN,CAN,100000
CAN,CAN,65000
USA,USA,120000
USA,USA,95000
PRT,PRT,63040
PRT,PRT,36773
USA,USA,310000
USA,USA,239000
USA,USA,299500
USA,USA,245100
USA,USA,168000
USA,USA,130000
USA,USA,136000
USA,USA,104000
USA,USA,161000
USA,USA,118000
USA,USA,205000
USA,USA,184000
USA,USA,185900
USA,USA,129300
USA,USA,247500
USA,USA,172200
ITA,ITA,68293
USA,USA,177000
USA,USA,131000
USA,USA,205000
USA,USA,184000
USA,USA,146000
USA,USA,102000
USA,USA,169000
USA,USA,110600
USA,USA,230000
USA,USA,196000
USA,USA,135000
USA,USA,100000
USA,USA,80000
USA,USA,65000
USA,USA,135000
USA,USA,100000
GBR,GBR,61566
GBR,GBR,43096
USA,USA,175000
USA,USA,135000
USA,USA,80000
USA,USA,231250
USA,USA,138750
USA,USA,193750
USA,USA,116250
USA,USA,231250
USA,USA,138750
USA,USA,231250
USA,USA,138750
USA,USA,231250
USA,USA,138750
USA,USA,193750
USA,USA,116250
USA,USA,208000
USA,USA,127000
USA,USA,300000
USA,USA,196000
USA,USA,204500
USA,USA,142200
ASM,ASM,45555
USA,USA,185900
USA,USA,129300
ESP,ESP,47280
ESP,ESP,37824
USA,USA,204500
USA,USA,142200
USA,USA,205000
USA,USA,185000
USA,USA,185900
USA,USA,129300
USA,USA,247500
USA,USA,172200
USA,USA,160000
USA,USA,135000
USA,USA,150000
USA,USA,100000
USA,USA,110000
USA,USA,95000
USA,USA,185900
USA,USA,129300
USA,USA,205000
USA,USA,184000
HUN,HUN,17684
USA,USA,375000
USA,USA,191200
USA,USA,130000
USA,USA,225000
USA,USA,156400
USA,USA,169000
USA,USA,110600
USA,USA,204500
USA,USA,142200
GBR,GBR,104663
GBR,GBR,80036
USA,USA,185900
USA,USA,129300
USA,USA,140700
USA,USA,93800
USA,USA,350000
USA,USA,135000
USA,USA,115934
USA,USA,81666
MEX,MEX,12000
CHE,CHE,104697
ITA,ITA,33000
ITA,ITA,34672
USA,USA,201000
USA,USA,119000
USA,USA,175000
USA,USA,150000
USA,USA,154560
USA,USA,123648
USA,USA,130000
USA,USA,100000
USA,USA,170000
USA,USA,145000
USA,USA,135000
USA,USA,100000
USA,USA,247500
USA,USA,172200
USA,USA,177500
USA,USA,134000
USA,USA,185900
USA,USA,129300
USA,USA,192564
USA,USA,144854
USA,USA,130000
USA,USA,105000
USA,USA,179305
USA,USA,142127
USA,USA,315000
USA,USA,225000
USA,USA,243900
USA,USA,156600
USA,USA,206000
USA,USA,160000
USA,USA,109000
USA,USA,79000
USA,USA,160000
USA,USA,109000
AUT,AUT,89306
USA,USA,182500
USA,USA,128500
USA,USA,160000
USA,USA,90000
USA,USA,77300
USA,USA,45600
USA,USA,127000
USA,USA,110000
USA,USA,210000
USA,USA,136000
SVK,SVK,12608
USA,USA,170000
USA,USA,140000
USA,USA,247500
USA,USA,172200
USA,USA,225000
USA,USA,184100
USA,USA,130000
USA,USA,90000
USA,USA,120000
USA,USA,100000
USA,USA,85000
USA,USA,78000
USA,USA,161000
USA,USA,110000
USA,USA,136000
USA,USA,104000
ESP,ESP,47280
ESP,ESP,37824
USA,USA,205000
USA,USA,160000
USA,USA,169000
USA,USA,110600
GBR,GBR,61566
GBR,GBR,49253
USA,USA,160000
USA,USA,130000
USA,USA,245000
USA,USA,180000
USA,USA,135000
USA,USA,100000
USA,USA,220000
USA,USA,150000
USA,USA,198440
USA,USA,144000
USA,USA,240000
USA,USA,170000
USA,USA,198440
USA,USA,144000
USA,USA,150000
USA,USA,100000
USA,USA,120000
USA,USA,95000
GBR,GBR,57872
USA,USA,64000
FRA,FRA,39925
CAN,CAN,187200
CAN,CAN,116100
USA,USA,150000
USA,USA,127000
USA,USA,275000
USA,USA,166000
USA,USA,159699
USA,USA,138938
USA,USA,76000
USA,USA,166700
USA,USA,119000
USA,USA,130000
USA,USA,100000
GBR,GBR,103432
GBR,GBR,92350
USA,USA,80000
USA,USA,52500
USA,USA,236000
USA,USA,182000
USA,USA,180000
USA,USA,140000
USA,USA,225000
USA,USA,156400
USA,USA,135000
USA,USA,100000
USA,USA,204500
USA,USA,142200
USA,USA,240000
CHN,CHN,125404
USA,USA,300000
USA,USA,130000
USA,USA,195000
USA,USA,175000
USA,USA,155000
USA,USA,110000
USA,USA,123000
USA,USA,92250
USA,USA,170000
USA,USA,150000
USA,USA,180000
USA,USA,100000
USA,USA,97000
USA,USA,90000
USA,USA,200000
USA,USA,160000
USA,USA,210000
USA,USA,180000
USA,USA,260000
USA,USA,180000
USA,USA,210000
USA,USA,157000
USA,USA,180000
USA,USA,100000
USA,USA,80000
USA,USA,52500
USA,USA,128000
USA,USA,81500
USA,USA,105000
USA,USA,70000
USA,USA,175000
USA,USA,122500
USA,USA,171000
USA,USA,117000
USA,USA,202800
USA,USA,104300
ESP,ESP,50432
ESP,ESP,36773
USA,USA,197000
USA,USA,99000
USA,USA,160000
USA,USA,110000
USA,USA,185900
USA,USA,129300
MEX,MEX,30000
BRA,BRA,78000
BRA,BRA,48000
USA,USA,170000
USA,USA,130000
USA,USA,150000
USA,USA,95000
BRA,BRA,78000
BRA,BRA,42000
USA,USA,345600
USA,USA,230400
USA,USA,145000
USA,USA,115000
BRA,BRA,78000
BRA,BRA,48000
USA,USA,175950
USA,USA,130050
USA,USA,205600
USA,USA,105700
USA,USA,236600
USA,USA,89200
BRA,BRA,84000
BRA,BRA,54000
USA,USA,80000
GBR,GBR,200000
CAN,CAN,73742
USA,USA,165000
GBR,GBR,33246
USA,USA,185900
USA,USA,129300
USA,USA,169000
USA,USA,110600
IND,IND,5409
AUS,AUS,75050
USA,USA,225000
USA,USA,184100
USA,USA,185900
USA,USA,129300
USA,USA,225000
USA,USA,156400
USA,USA,185900
USA,USA,129300
USA,USA,108000
IND,IND,8000
USA,USA,155000
USA,USA,38000
USA,USA,85000
USA,USA,65000
USA,USA,155000
USA,USA,38000
GBR,GBR,110820
GBR,GBR,92350
USA,USA,153600
USA,USA,106800
USA,USA,185000
USA,USA,50000
USA,USA,185900
USA,USA,129300
USA,USA,155000
USA,USA,38000
USA,USA,168000
USA,USA,130000
USA,USA,123400
USA,USA,88100
USA,USA,120000
USA,USA,55000
USA,USA,185900
USA,USA,129300
USA,USA,191200
USA,USA,130000
USA,USA,169000
USA,USA,110600
USA,USA,150000
USA,USA,120000
USA,USA,139000
USA,USA,122000
USA,USA,185900
USA,USA,129300
USA,USA,139600
USA,USA,85700
USA,USA,185000
USA,USA,50000
USA,USA,185900
USA,USA,129300
USA,USA,225000
USA,USA,156400
USA,USA,200000
USA,USA,175000
USA,USA,185900
USA,USA,129300
USA,USA,148500
USA,USA,98200
USA,USA,115000
USA,USA,95000
USA,USA,225000
USA,USA,66000
USA,USA,185000
USA,USA,50000
ESP,ESP,47280
ESP,ESP,37824
USA,USA,134000
USA,USA,98000
USA,USA,105000
USA,USA,62000
USA,USA,57000
CAN,CAN,161311
USA,USA,144200
USA,USA,115360
AUS,AUS,83171
IND,IND,38154
PRT,PRT,73546
PRT,PRT,42026
USA,USA,170000
USA,USA,150000
USA,USA,180000
USA,USA,160000
USA,USA,108000
USA,USA,200000
USA,USA,150000
CAN,CAN,125976
USA,USA,188700
USA,USA,160395
USA,USA,115934
USA,USA,81666
USA,USA,300000
USA,USA,225000
USA,USA,198440
USA,USA,144000
USA,USA,191475
USA,USA,141525
ESP,ESP,50432
ESP,ESP,36773
DEU,DEU,75648
USA,USA,156868
NGA,NGA,200000
USA,USA,198440
USA,USA,144000
PRT,PRT,69344
CZE,CZE,5132
USA,USA,90000
DEU,DEU,126080
DEU,DEU,84053
USA,USA,200000
USA,USA,180000
USA,USA,108000
USA,USA,85000
USA,USA,210000
USA,USA,180000
USA,USA,165000
USA,USA,132000
USA,USA,130000
USA,USA,110000
AUS,AUS,45050
AUS,AUS,42028
USA,USA,135000
USA,USA,178800
USA,USA,132100
CRI,CRI,20000
CAN,CAN,140000
CAN,CAN,110000
USA,USA,160000
USA,USA,85000
USA,USA,250000
USA,USA,63000
USA,USA,187200
USA,USA,116100
TUR,TUR,10000
USA,USA,200000
USA,USA,145000
USA,USA,229998
USA,USA,154545
USA,USA,215000
USA,USA,159000
USA,USA,229998
USA,USA,154545
USA,USA,50000
USA,USA,183000
USA,USA,99750
USA,USA,68400
USA,USA,236900
USA,USA,159200
USA,USA,243225
USA,USA,179775
USA,USA,175000
USA,USA,150000
USA,USA,210000
USA,USA,180000
USA,USA,148000
USA,USA,128000
USA,USA,190000
USA,USA,135000
USA,USA,130000
USA,USA,110000
USA,USA,191475
USA,USA,141525
USA,USA,160000
USA,USA,85000
USA,USA,218000
USA,USA,145300
USA,USA,195400
USA,USA,131300
CHL,CHL,105000
USA,USA,191475
USA,USA,141525
USA,USA,207000
USA,USA,153000
USA,USA,191475
USA,USA,141525
USA,USA,110000
USA,USA,99000
USA,USA,191475
USA,USA,141525
USA,USA,191475
USA,USA,141525
USA,USA,191475
USA,USA,141525
PRI,PRI,200000
PRI,PRI,135000
USA,USA,207000
USA,USA,153000
USA,USA,191475
USA,USA,141525
USA,USA,191475
USA,USA,141525
USA,USA,191475
USA,USA,141525
USA,USA,195700
USA,USA,130500
USA,USA,130000
USA,USA,84000
USA,USA,100000
USA,USA,60000
GBR,GBR,80036
GBR,GBR,67723
USA,USA,141300
USA,USA,102100
ESP,ESP,50432
ESP,ESP,36773
USA,USA,150000
GBR,GBR,102200
IND,IND,22892
USA,USA,144000
USA,USA,113000
PRT,PRT,31520
USA,USA,195400
USA,USA,131300
USA,USA,195400
USA,USA,131300
USA,USA,195400
USA,USA,131300
USA,USA,190000
USA,USA,135000
USA,USA,135000
USA,USA,80000
IND,IND,8050
USA,USA,160000
USA,USA,85000
USA,USA,178800
USA,USA,132100
IND,IND,60000
FIN,FIN,63040
IND,IND,50000
USA,USA,140000
USA,USA,105000
GBR,GBR,80036
GBR,GBR,67723
USA,USA,190000
USA,USA,140000
USA,USA,100000
USA,USA,60000
USA,USA,180000
USA,USA,165000
USA,USA,108000
FRA,FRA,20000
USA,USA,190000
USA,USA,135000
USA,USA,179400
USA,USA,154000
USA,USA,193900
USA,USA,129300
USA,USA,222640
USA,USA,182160
USA,USA,150000
USA,USA,100000
USA,USA,122500
USA,USA,100000
USA,USA,297500
USA,USA,260000
THA,THA,15000
ESP,ESP,193000
USA,USA,93000
USA,USA,73000
USA,USA,100000
USA,USA,60000
BRA,BRA,7799
USA,USA,136994
USA,USA,101570
USA,USA,250000
USA,USA,63000
USA,USA,134000
USA,USA,98000
USA,USA,191475
USA,USA,141525
FRA,FRA,57786
USA,USA,136000
USA,USA,112000
USA,USA,172000
USA,USA,140000
USA,USA,215000
USA,USA,164000
USA,USA,300000
USA,USA,130000
USA,USA,250000
USA,USA,63000
USA,USA,180000
USA,USA,150000
GBR,GBR,45390
USA,USA,250000
USA,USA,63000
USA,USA,191475
USA,USA,141525
USA,USA,97500
USA,USA,212800
USA,USA,142800
NLD,NLD,73546
USA,USA,50000
FRA,FRA,6359
USA,USA,151800
USA,USA,130240
USA,USA,165000
USA,USA,140250
USA,USA,135000
USA,USA,115000
USA,USA,179400
USA,USA,154000
USA,USA,191475
USA,USA,141525
USA,USA,191475
USA,USA,141525
USA,USA,191475
USA,USA,141525
USA,USA,75000
GRC,GRC,84053
GRC,GRC,73546
GBR,GBR,98506
GBR,GBR,86193
ESP,ESP,84053
ESP,ESP,73546
USA,USA,191475
USA,USA,141525
USA,USA,191475
USA,USA,141525
GBR,GBR,102663
GBR,GBR,80041
USA,USA,191475
USA,USA,141525
GBR,GBR,104611
GBR,GBR,82280
USA,USA,191475
USA,USA,141525
USA,USA,191475
USA,USA,141525
USA,USA,115000
ESP,ESP,31520
USA,USA,81000
USA,USA,66000
USA,USA,46000
USA,USA,80000
USA,USA,200000
USA,USA,180000
USA,USA,200000
USA,USA,204100
USA,USA,136100
USA,USA,250000
USA,USA,63000
GBR,GBR,118208
GBR,GBR,110820
DNK,DNK,19073
USA,USA,191475
USA,USA,141525
USA,USA,191475
USA,USA,141525
USA,USA,191475
USA,USA,141525
USA,USA,95000
USA,USA,70000
BOL,BOL,75000
BOL,BOL,7500
USA,USA,113000
USA,USA,170000
USA,USA,130000
USA,USA,113000
USA,USA,140000
PHL,PHL,50000
AUS,AUS,53368
USA,USA,175000
USA,USA,140000
PRT,PRT,29944
USA,USA,250000
USA,USA,63000
USA,USA,160000
USA,USA,119300
USA,USA,145000
USA,USA,105000
USA,USA,90000
USA,USA,146200
USA,USA,124270
USA,USA,225000
USA,USA,160000
NLD,NLD,54634
CAN,CAN,185800
CAN,CAN,137400
USA,USA,245000
USA,USA,180000
USA,USA,203500
USA,USA,152000
USA,USA,250000
USA,USA,63000
USA,USA,186000
USA,USA,148800
IND,IND,95386
GBR,GBR,128058
USA,USA,82000
DOM,DOM,110000
USA,USA,173000
USA,USA,203500
USA,USA,152000
USA,USA,186000
USA,USA,148800
BRA,BRA,6270
USA,USA,158000
USA,USA,134000
USA,USA,170000
USA,USA,120000
USA,USA,200000
USA,USA,150000
USA,USA,216200
USA,USA,144100
NLD,NLD,115573
NLD,NLD,89306
USA,USA,250000
USA,USA,63000
USA,USA,135000
USA,USA,85000
USA,USA,135000
USA,USA,85000
USA,USA,206000
USA,USA,175100
USA,USA,189650
USA,USA,164996
USA,USA,149040
USA,USA,113900
USA,USA,154000
USA,USA,126000
USA,USA,200000
USA,USA,150000
USA,USA,195700
USA,USA,130500
USA,USA,170000
USA,USA,135000
GBR,GBR,98506
GBR,GBR,73880
USA,USA,117000
USA,USA,99450
PRI,PRI,200000
PRI,PRI,135000
USA,USA,193900
USA,USA,129300
GBR,GBR,55410
GBR,GBR,86193
GBR,GBR,61566
USA,USA,175000
USA,USA,130000
USA,USA,188100
USA,USA,139860
USA,USA,248700
USA,USA,167100
IND,IND,5723
USA,USA,123400
USA,USA,88100
DEU,DEU,50432
USA,USA,245000
USA,USA,205000
USA,USA,141300
USA,USA,102100
USA,USA,141300
USA,USA,102100
ARG,ARG,50000
BEL,BEL,84053
GBR,GBR,61566
USA,USA,250000
USA,USA,63000
USA,USA,189500
USA,USA,140100
USA,USA,177600
USA,USA,131300
USA,USA,24000
USA,USA,24000
USA,USA,250000
USA,USA,63000
USA,USA,202900
USA,USA,131300
USA,USA,145000
USA,USA,115000
USA,USA,115000
USA,USA,193900
USA,USA,129300
USA,USA,180000
USA,USA,140000
USA,USA,216200
USA,USA,144100
USA,USA,216000
USA,USA,144000
USA,USA,150000
IND,IND,12171
IND,IND,53416
AUT,AUT,50000
USA,USA,250000
NLD,NLD,84053
GBR,GBR,131752
ARG,ARG,48000
USA,USA,260500
USA,USA,175100
USA,USA,210000
USA,USA,100000
USA,USA,55000
USA,USA,130000
FRA,FRA,77119
BEL,BEL,52008
IND,IND,30523
USA,USA,206699
USA,USA,99100
USA,USA,200000
USA,USA,54000
USA,USA,250000
USA,USA,63000
USA,USA,250000
USA,USA,63000
USA,USA,250000
USA,USA,63000
USA,USA,130000
USA,USA,100000
USA,USA,80000
USA,USA,160000
USA,USA,100000
USA,USA,221300
USA,USA,148700
GBR,GBR,30000
FRA,FRA,28368
GBR,GBR,91118
GBR,GBR,61566
DEU,DEU,60938
USA,USA,249260
USA,USA,185400
USA,USA,170000
USA,USA,130000
GBR,GBR,80036
USA,USA,128875
USA,USA,93700
USA,USA,180000
USA,USA,100000
USA,USA,136260
USA,USA,109280
USA,USA,160000
USA,USA,92000
USA,USA,200000
USA,USA,160000
GBR,GBR,135446
GBR,GBR,104663
USA,USA,117000
USA,USA,99450
USA,USA,129000
USA,USA,86000
IND,IND,13493
IND,IND,13493
USA,USA,160000
USA,USA,119300
USA,USA,100000
TUR,TUR,25000
SGP,SGP,65257
USA,USA,200000
USA,USA,180000
USA,USA,153000
USA,USA,210000
USA,USA,100000
USA,USA,150075
USA,USA,110925
EGY,EGY,22800
USA,USA,160000
USA,USA,92000
USA,USA,202900
USA,USA,131300
PRT,PRT,22809
IDN,IDN,15000
USA,USA,175000
USA,USA,135000
AUS,AUS,133766
USA,USA,83000
GBR,GBR,92350
GBR,GBR,67723
USA,USA,186000
USA,USA,148800
USA,USA,112900
USA,USA,90320
USA,USA,240000
USA,USA,160000
USA,USA,300000
USA,USA,200000
DEU,DEU,65666
IND,IND,200000
GBR,GBR,116976
GBR,GBR,92350
USA,USA,120000
USA,USA,112900
USA,USA,90320
USA,USA,145000
USA,USA,105400
DEU,DEU,49268
GBR,GBR,110820
GBR,GBR,92350
USA,USA,215300
USA,USA,158200
USA,USA,209100
USA,USA,154600
USA,USA,115934
USA,USA,81666
USA,USA,175000
USA,USA,155000
FRA,FRA,84053
USA,USA,164000
USA,USA,132000
USA,USA,170000
USA,USA,123000
USA,USA,189650
USA,USA,164996
GRC,GRC,52533
GRC,GRC,52533
CAN,CAN,115222
USA,USA,165400
USA,USA,132320
USA,USA,208775
USA,USA,147800
USA,USA,136994
USA,USA,101570
USA,USA,128875
USA,USA,93700
IND,IND,76309
GBR,GBR,35093
USA,USA,183600
USA,USA,100800
GBR,GBR,49253
GBR,GBR,36940
ESP,ESP,42026
ESP,ESP,31520
ESP,ESP,84053
ESP,ESP,73546
GBR,GBR,98506
GBR,GBR,86193
GRC,GRC,84053
GRC,GRC,73546
USA,USA,189650
USA,USA,164996
GRC,GRC,42026
GRC,GRC,31520
GBR,GBR,92350
GBR,GBR,73880
USA,USA,215300
USA,USA,140400
ESP,ESP,63040
ESP,ESP,47280
USA,USA,260000
USA,USA,180000
GBR,GBR,67723
GBR,GBR,43096
GRC,GRC,63040
GRC,GRC,47280
GBR,GBR,73880
GBR,GBR,55410
ITA,ITA,51064
ARG,ARG,60000
USA,USA,82900
USA,USA,63900
USA,USA,160000
USA,USA,112300
USA,USA,241000
USA,USA,159000
USA,USA,180000
USA,USA,80000
USA,USA,58000
USA,USA,58000
USA,USA,136000
USA,USA,108800
USA,USA,242000
USA,USA,200000
GBR,GBR,61566
GBR,GBR,36940
GBR,GBR,73880
GBR,GBR,49253
USA,USA,165220
USA,USA,120160
USA,USA,124190
USA,USA,90320
USA,USA,181940
USA,USA,132320
USA,USA,220110
USA,USA,160080
USA,USA,180000
USA,USA,120000
USA,USA,126500
USA,USA,106260
USA,USA,116000
USA,USA,99000
USA,USA,155000
USA,USA,120600
USA,USA,130000
USA,USA,90000
USA,USA,170000
USA,USA,150000
USA,USA,102100
USA,USA,84900
USA,USA,136620
USA,USA,99360
GBR,GBR,110820
GBR,GBR,98506
USA,USA,146000
USA,USA,123000
GBR,GBR,49253
GBR,GBR,43096
USA,USA,130000
USA,USA,110000
USA,USA,170000
USA,USA,135000
USA,USA,161342
USA,USA,137141
USA,USA,167000
USA,USA,123000
GBR,GBR,73880
GBR,GBR,61566
USA,USA,211500
USA,USA,138600
CAN,CAN,192400
CAN,CAN,90700
CAN,CAN,130000
CAN,CAN,61300
CAN,CAN,130000
CAN,CAN,61300
USA,USA,160000
USA,USA,113000
USA,USA,150000
USA,USA,95550
USA,USA,167000
USA,USA,115500
USA,USA,112900
USA,USA,90320
USA,USA,112900
USA,USA,90320
USA,USA,165400
USA,USA,132320
USA,USA,243900
USA,USA,156600
USA,USA,136600
USA,USA,109280
USA,USA,128875
USA,USA,93700
USA,USA,224000
USA,USA,167875
USA,USA,175000
USA,USA,135000
USA,USA,209100
USA,USA,154600
USA,USA,180000
USA,USA,160000
USA,USA,205300
USA,USA,140400
USA,USA,176000
USA,USA,144000
USA,USA,200100
USA,USA,160000
USA,USA,70500
USA,USA,54000
USA,USA,205300
USA,USA,140400
USA,USA,205300
USA,USA,184700
USA,USA,175100
USA,USA,140250
USA,USA,116150
USA,USA,99050
USA,USA,145000
USA,USA,130000
USA,USA,112900
USA,USA,90320
CAN,CAN,85000
CAN,CAN,75000
USA,USA,214000
USA,USA,192600
USA,USA,266400
USA,USA,213120
USA,USA,155000
USA,USA,115000
USA,USA,141300
USA,USA,102100
USA,USA,115934
USA,USA,81666
USA,USA,206699
USA,USA,99100
USA,USA,130000
USA,USA,110500
GBR,GBR,61566
GBR,GBR,43096
USA,USA,80000
USA,USA,60000
USA,USA,192564
USA,USA,144854
USA,USA,230000
USA,USA,150000
USA,USA,150260
USA,USA,109280
USA,USA,170000
USA,USA,150000
USA,USA,160000
USA,USA,130000
CAN,CAN,67000
CAN,CAN,52000
USA,USA,154000
USA,USA,126000
USA,USA,129000
USA,USA,99000
USA,USA,210000
USA,USA,140000
USA,USA,210000
USA,USA,140000
USA,USA,210000
USA,USA,140000
USA,USA,100000
USA,USA,69000
USA,USA,210000
USA,USA,140000
USA,USA,150075
USA,USA,110925
USA,USA,100000
USA,USA,25000
USA,USA,126500
USA,USA,106260
USA,USA,220110
USA,USA,160080
USA,USA,105000
USA,USA,100000
USA,USA,170000
USA,USA,135000
USA,USA,230000
USA,USA,140000
USA,USA,135000
USA,USA,50000
USA,USA,220000
USA,USA,140000
GBR,GBR,172386
GBR,GBR,86193
USA,USA,220000
USA,USA,120000
USA,USA,200000
USA,USA,120000
ARE,ARE,120000
ARE,ARE,65000
USA,USA,324000
USA,USA,216000
USA,USA,210000
USA,USA,100000
USA,USA,185100
USA,USA,104890
USA,USA,105000
USA,USA,80000
CAN,CAN,76814
CAN,CAN,117104
CAN,CAN,192037
USA,USA,120000
IND,IND,17805
IND,IND,30523
PRT,PRT,55685
DEU,DEU,52533
IND,IND,17805
BOL,BOL,75000
USA,USA,157000
CAN,CAN,69133
USA,USA,65000
IRL,IRL,68293
USA,USA,109000
CAN,CAN,67597
PRT,PRT,10000
GRC,GRC,20000
SVN,SVN,102839
MYS,MYS,200000
CAN,CAN,51081
USA,USA,78000
USA,USA,135000
USA,USA,115000
AUS,AUS,83864
JPN,JPN,40000
EST,EST,31520
NLD,NLD,59888
PAK,PAK,54742
FRA,FRA,89306
AUS,AUS,83171
USA,USA,165000
USA,USA,153000
BRA,BRA,100000
CAN,CAN,76814
POL,POL,33609
CAN,CAN,75000
HND,HND,20000
TUN,TUN,30469
CZE,CZE,69999
PAK,PAK,55475
AUT,AUT,61989
USA,USA,152500
USA,USA,120000
USA,USA,135000
USA,USA,405000
USA,USA,150000
USA,USA,240000
USA,USA,135000
USA,USA,80000
USA,USA,380000
CHE,CHE,120402
USA,USA,177000
FRA,FRA,65141
RUS,RUS,48000
PAK,PAK,20000
USA,USA,220000
JPN,JPN,77364
JPN,JPN,63711
AUS,AUS,150000
USA,USA,90000
CAN,CAN,100000
USA,USA,100000
DZA,DZA,100000
USA,USA,144000
DEU,DEU,155499
BRA,BRA,24000
VNM,VNM,38400
USA,USA,100000
USA,USA,82500
FRA,FRA,49646
IND,IND,40570
USA,USA,120000
DEU,DEU,84053
IND,IND,20000
USA,USA,125000
IND,IND,9466
USA,USA,120000
ESP,ESP,10354
GBR,GBR,110037
PRT,PRT,21013
USA,USA,50000
USA,USA,200000
ESP,ESP,60000
USA,USA,200000
IRQ,IRQ,100000
USA,USA,100000
BEL,BEL,82744
DEU,DEU,59303
FRA,FRA,62649
GBR,GBR,82528
USA,USA,170000
USA,USA,150000
USA,USA,55000
USA,USA,250000
USA,USA,80000
USA,USA,70000
DEU,DEU,130026
DEU,DEU,63831
GRC,GRC,68428
RUS,RUS,85000
RUS,RUS,230000
USA,USA,125000
USA,USA,120000
USA,USA,450000
FRA,FRA,46759
AUT,AUT,74130
CAN,CAN,127221
USA,USA,144000
UKR,UKR,13400
CAN,CAN,75774
USA,USA,150000
USA,USA,103000
USA,USA,153000
USA,USA,90000
USA,USA,90000
USA,USA,60000
NGA,NGA,50000
PAK,PAK,12000
IND,IND,5409
USA,USA,270000
GBR,GBR,54238
ESP,ESP,47282
ITA,ITA,153667
POL,POL,28476
USA,USA,110000
GBR,GBR,82528
USA,USA,250000
FRA,FRA,59102
BGR,BGR,80000
NGA,NGA,10000
USA,USA,138000
USA,USA,140000
DEU,DEU,79197
USA,USA,170000
USA,USA,80000
PHL,PHL,45760
USA,USA,100000
FRA,FRA,53192
USA,USA,235000
IND,IND,150000
ESP,ESP,79833
USA,USA,225000
DEU,DEU,76833
PRT,PRT,50180
GRC,GRC,88654
GBR,GBR,103160
GBR,GBR,113476
DEU,DEU,94564
IND,IND,30428
USA,USA,150000
USA,USA,115000
CAN,CAN,187442
GBR,GBR,51519
USA,USA,106000
GBR,GBR,112872
HUN,HUN,36259
USA,USA,150000
DEU,DEU,15966
DEU,DEU,95746
USA,USA,70000
GBR,GBR,76958
SGP,SGP,89294
IND,IND,29751
USA,USA,276000
USA,USA,188000
BRA,BRA,160000
USA,USA,105000
USA,USA,200000
USA,USA,174000
USA,USA,93000
IND,IND,28399
PRT,PRT,60757
USA,USA,90000
FRA,FRA,70139
IND,IND,6072
MEX,MEX,33511
USA,USA,170000
GBR,GBR,96282
TUR,TUR,12103
FRA,FRA,36643
GBR,GBR,72212
USA,USA,91000
CAN,CAN,99703
USA,USA,165000
USA,USA,80000
CAN,CAN,103691
IND,IND,21637
NLD,NLD,42000
ARE,ARE,115000
CAN,CAN,63810
JPN,JPN,260000
USA,USA,110000
USA,USA,180000
USA,USA,200000
GBR,GBR,109024
USA,USA,200000
USA,USA,256000
USA,USA,110000
DEU,DEU,79833
USA,USA,72500
USA,USA,185000
NLD,NLD,69741
JEY,JEY,100000
USA,USA,112000
USA,USA,150000
TUR,TUR,20171
ESP,ESP,55000
USA,USA,58000
USA,USA,100000
FRA,FRA,77684
NLD,NLD,85000
DEU,DEU,76833
USA,USA,105000
USA,USA,72000
DEU,DEU,65013
TUR,TUR,28016
USA,USA,111775
USA,USA,93150
PRI,PRI,160000
SRB,SRB,25532
IND,IND,66265
IND,IND,16904
DEU,DEU,63831
USA,USA,190000
DEU,DEU,141846
IND,IND,16228
CAN,CAN,71786
HUN,HUN,35735
USA,USA,135000
DEU,DEU,24823
IND,IND,54094
IND,IND,24342
KEN,KEN,9272
USA,USA,147000
CAN,CAN,96113
USA,USA,174000
USA,USA,135000
COL,COL,21844
NZL,NZL,125000
FRA,FRA,51321
IND,IND,40481
FRA,FRA,69741
VNM,VNM,50000
FRA,FRA,39916
USA,USA,87000
ROU,ROU,26005
DEU,DEU,90734
IND,IND,22611
IND,IND,5679
USA,USA,81000
CHL,CHL,40038
USA,USA,90000
DEU,DEU,61467
USA,USA,195000
ESP,ESP,37825
USA,USA,85000
USA,USA,416000
USA,USA,225000
GBR,GBR,56256
IND,IND,33808
GBR,GBR,116914
POL,POL,46597
PAK,PAK,8000
JPN,JPN,41689
POL,POL,114047
BEL,BEL,88654
IND,IND,5707
PRT,PRT,56000
DNK,DNK,28609
DEU,DEU,88654
IND,IND,6072
GRC,GRC,47899
USA,USA,98000
HKG,HKG,66022
FRA,FRA,56738
SVN,SVN,24823
USA,USA,120000
ITA,ITA,20000
USA,USA,325000
USA,USA,200000
DNK,DNK,45896
USA,USA,160000
FRA,FRA,50000
GRC,GRC,40189
BRA,BRA,12901
USA,USA,165000
IND,IND,5882
FRA,FRA,42197
USA,USA,185000
DEU,DEU,62726
DEU,DEU,90734
ITA,ITA,21669
USA,USA,110000
USA,USA,140000
USA,USA,120000
CAN,CAN,87738
GBR,GBR,61896
PAK,PAK,12000
ROU,ROU,76833
JPN,JPN,74000
USA,USA,152000
MDA,MDA,18000
RUS,RUS,60000
USA,USA,130000
BRA,BRA,18907
LUX,LUX,59102
DEU,DEU,173762
DEU,DEU,148261
ESP,ESP,38776
ESP,ESP,46809
IND,IND,18053
AUT,AUT,91237
FRA,FRA,62726
USA,USA,115000
USA,USA,235000
IND,IND,19609
BRA,BRA,12000
USA,USA,75000
USA,USA,62000
USA,USA,73000
NLD,NLD,45391
USA,USA,190200
USA,USA,118000
USA,USA,138350
ESP,ESP,130800
HRV,HRV,45618
JPN,JPN,168000
SGP,SGP,119059
USA,USA,423000
MLT,MLT,28369
USA,USA,165000
USA,USA,412000
USA,USA,151000
USA,USA,105000
USA,USA,100000
IND,IND,94665
